stage,stack
2-III,294_D.h5
2-III,294_E.h5
2-III,406.h5
2-III,416_A.h5
2-III,416_B.h5
2-III,473_A.h5
2-III,474_B.h5
2-III,603_A.h5
2-III,603_C.h5
2-III,801_F.h5
2-IV,404.h5
2-IV,405_A.h5
2-IV,405_B.h5
2-IV,449.h5
2-IV,450.h5
2-IV,462.h5
2-IV,473_C_2-IV.h5
2-V,419.h5
2-V,422.h5
2-V,424_B.h5
2-V,425.h5
2-V,467.h5
2-V,472_A.h5
2-V,472_B.h5
2-V,472_C.h5
2-V,490_B.h5
2-V,490_C.h5
3-I,407_A.h5
3-I,439.h5
3-I,440.h5
3-I,451.h5
3-I,515.h5
3-I,543.h5
3-I,606.h5
3-I,608.h5
3-I,617_B.h5
3-II,403.h5
3-II,412.h5
3-II,434.h5
3-II,486_A.h5
3-II,507_B.h5
3-II,508.h5
3-II,509.h5
3-II,522.h5
3-II,526.h5
3-II,527.h5
3-III,428.h5
3-III,429.h5
3-III,430.h5
3-III,495_A.h5
3-III,495_B.h5
3-III,507_A.h5
3-III,528.h5
3-III,611.h5
3-III,614.h5
3-III,616.h5
3-IV,410.h5
3-IV,494.h5
3-IV,512.h5
3-IV,513_A.h5
3-IV,514.h5
3-IV,517.h5
3-IV,520.h5
3-IV,539.h5
3-IV,610.h5
3-V,464.h5
3-V,492.h5
3-V,525.h5
3-V,535.h5
3-V,540.h5
3-V,541.h5
3-V,542.h5
3-V,612.h5
3-V,613.h5
3-VI,555.h5
3-VI,557.h5
3-VI,559.h5
3-VI,561.h5
3-VI,751.h5
3-VI,752.h5
3-VI,753.h5
3-VI,754.h5
3-VI,755.h5
3-VI,756.h5